Unique ID,Jurisdiction,Exemptions Cited,Alternative Citation
AL00001,Alabama,ALABAMA CODE  § 27-62-8 (1975),
AL00002,Alabama,ALABAMA CODE § 36-12-40,"CODE OF ALABAMA (§ 36-12-40); CODE OF ALABAMA, SECT. 36-12-40; STATE CODE 36-12-40; § 36-12-40 OF THE CODE OF ALABAMA; § 36-12-40 OF THE CODE OF ALABAMA 1975; §36-12-40, ALABAMA CODE 1975"
AL00004,Alabama,CODE OF ALABAMA 12-21-3.1,"§12-21-3.1, CODE OF ALABAMA 1975"
AL00005,Alabama,"CODE OF ALABAMA, 1975, §22-9A-21",
AL00007,Alabama,MCBURNEY V. YOUNG,"MCBURNEY V. YOUNG, 133 S.CT. 1709 (2013); MCBURNEY V. YOUNG, 569 U.S. 221, 226 (2013)"
AZ00001,Arizona,A.R.S. § 44-1525,
AZ00002,Arizona,A.R.S. §20-157.01,
AZ00003,Arizona,ARS §. 41-1803(G),
AR00001,Arkansas,A.C.A. § 25-19-105(A)(1)(A),ACT. CODE 25-19-105(A)(1)(A); ARK CODE ANN 25-19-105(A)(1)(A); ARK. CODE ANN. 25-19-105(A)(1)(A); ARK. CODE ANN. § 25-19-105(A)(1)(A); ARK. CODE § 25-19-105(A)(1)(A); ARKANSAS CODE ANNOTATED §25-19-105 (A)(1)(A)
AR00002,Arkansas,A.C.A. §25-19-105,ACA:  § 25-19-105; ACA: § 25-19-105; ARK. CODE ANN. § 25-19-105; PER ACA:  § 25-19-105
AR00006,Arkansas,ADMINISTRATIVE REGULATION 804,
AR00008,Arkansas,ARK. CODE 25-19-105 (B)(7),ARK. CODE ANN. § 25-19-105(B)(7); ARKANSAS CODE § 25-19-105(B)(7)
AR00009,Arkansas,ARK. CODE ANN. 25-19-105(A),
AR00012,Arkansas,ARK. CODE ANN. § 25-19-105 (A)(1)(A) (WEST SUPP. 2009),ARK. CODE ANN. §25-19-105(A)(1)(A)
AR00013,Arkansas,ARK. CODE ANN. § 25-19-105(A)(1),
AR00016,Arkansas,ARK. CODE ANN. § 25-19-105(A)(2)(C),
AR00020,Arkansas,ARKANSAS CODE  §25-19-105(B)(2),
AR00023,Arkansas,"CF. MCBURNEY V. YOUNG, 569 U.S. 221, 133 S.CT. 1709 (2013)",MCBURNEY V. YOUNG
AR00024,Arkansas,D.C. CODE § 9-1107.1 § 77,
AR00025,Arkansas,HB 1110/ACT 260 OF 2021,
AR00028,Arkansas,§ 25-19-101,
CA00001,California,20 U.S.C. 1232G,
CA00002,California,34 CFR 99.31,
CA00003,California,"ACLU V. DEUKMAJIAN (1982) 32 CAL.3D 440, 452-453",
CA00004,California,CA EVID. CODE § 1040,
CA00005,California,CA GOVERNMENT CODE 6254 (F),"CAL. GOV'T. CODE § 6254(F); CALIFORNIA GOVERNMENT CODE 6254 (F); CALIFORNIA GOVERNMENT CODE 6254(F); CALIFORNIA GOVERNMENT CODE § 6254(F); CALIFORNIA GOVERNMENT CODE, § 6254(F); GOV. CODE § 6254(F); GOVERNMENT CODE 6254(F); GOVERNMENT CODE S. 6254(F); GOVERNMENT CODE § 6254 (F); GOVERNMENT CODE § 6254(F); GOVERNMENT CODE § 6254, SUBDIVISION (F); GOVERNMENT CODE § 6254, SUBDIVISION F; GOVERNMENT CODE § §6254(F)"
CA00006,California,CA PENAL CODE 11167.5,
CA00007,California,CA. GOVT. CODE § 6255(A),
CA00008,California,CAL GOVT. CODE § 6253(B),
CA00009,California,CAL. GOV'T CODE § 6276.04,
CA00011,California,"CAL. GOV. CODE §§ 6254(F), 6254(K) AND 6255",
CA00012,California,CAL. GOVT. CODE § 6254(C),
CA00013,California,CALIFORNIA ELECTIONS CODE §§ 2194,
CA00014,California,CALIFORNIA GOVERNMENT CODE 6250 ET SEQ,CALIFORNIA PUBLIC RECORDS ACT (CALIFORNIA GOVERNMENT CODE §§ 6250)
CA00017,California,CALIFORNIA GOVERNMENT CODE § 6253(C),
CA00019,California,CALIFORNIA GOVERNMENT CODE § 6254(K),GOVERNMENT CODE § 6254(K)
CA00020,California,"CALIFORNIA GOVERNMENT CODE § 6254, SUBPARAGRAPHS (C) AND (K)",
CA00021,California,CALIFORNIA GOVERNMENT CODE § 6255 (A),
CA00022,California,CALIFORNIA GOVERNMENT CODE §S 6254(B),
CA00023,California,CALIFORNIA GOVERNMENT CODE §S 6254(C),
CA00025,California,CALIFORNIA GOVT. CODE 6254(F) AND COUNTY OF LOS ANGELES V. SUPERIOR COURT (KUSAR)(1993) 18CAL.APP.4TH588,
CA00026,California,CALIFORNIA PENAL CODE § 832.7,
CA00027,California,CALIFORNIA PENAL CODE §832.7 (B)(1),
CA00029,California,CHARTER §S F1.107(C),
CA00030,California,CHARTER §S F1.107(C) AND F1.110(B),
CA00031,California,"CHARTER §S F1.107(C) AND F1.110(B), SAN FRANCISCO CAMPAIGN AND GOVERNMENTAL CONDUCT CODE, ARTICLE IV, §S 4.120 AND 4.123, EVIDENCE CODE §S 1040 AND 1041, AND GOVERNMENT CODE § 6254(C)",
CA00032,California,ESTATE OF HEARST (1977) 67 CAL.APP.3D 777,
CA00033,California,EVIDENCE CODE §S 1043 AND 1046,
CA00034,California,FERPA,
CA00035,California,"GOV'T CODE §§ 6254(K), 6254(C)",
CA00037,California,"GOV. CODE § 6254, SUBD. (F)",
CA00038,California,"GOV. CODE, § 6252(E)",
CA00041,California,GOVERNMENT CODE § 6253(B),"GOVERNMENT CODE § 6253, SUBDIVISION (B)"
CA00049,California,GOVERNMENT CODE § 6255,
CA00052,California,GOVERNMENT CODE §S 6254(F) AND 6254(K),
CA00053,California,"GOVERNMENT CODE §S 6254, SUBDIVISION (A), AND 6255, SUBDIVISION (A)",
CA00054,California,GOV’T CODE § 6254(F)(4)(A),
CA00055,California,"HAYNIE V. SUPERIOR COURT (2001) 26 CAL.4TH 1061, 1069",
CA00056,California,HEALTH & SAFETY CODE § 121690(H),HEALTH AND SAFETY CODE § 121690(H)
CA00058,California,INSURANCE CODE §S 735.5 AND 12919,
CA00059,California,NAT'L ASS'N OF RETIRED FED. EMPLOYEES V. HORNER,
CA00060,California,PENAL CODE 832.7(B)(7)(A)(II),
CA00061,California,PENAL CODE § 832.7(B)(1)(C),
CA00062,California,PENAL CODE §832.7(B)(7),
CA00063,California,PEOPLE V. SUPERIOR COURT (JOHNSON) (2015) 61 CAL.4TH 696,
CA00064,California,"PERSONNEL MANUAL INDEX CODE D-2, SAN DIEGO MUNICIPAL CODES 23.0403 AND 23.0405, AND UNDER GOV. CODE 6254(K)",
CA00065,California,REVENUE AND TAXATION CODE § 7056,
CA00066,California,"T.N.G. V. SUPERIOR COURT (1971) 4 CAL.3D 767, 777-778",
CA00067,California,VEHICLE CODE § 20012,
CA00068,California,"WILLIAMS V. SUPERIOR COURT (1993) 5 CAL.4TH 337, 354",
CO00001,Colorado,C.R.S. § 24-51-213(3),
CO00002,Colorado,"HARRIS V. DENVER POST 123 P.3D 1166, 1175 (COLO.2005)",
CO00003,Colorado,SB 04-90,
CT00001,Connecticut,CONN. GEN. STAT §-200 ET SEQ,
CT00002,Connecticut,§ 1-210(B)(3)(E),
DE00001,Delaware,11 DEL. C. §4322. PROTECTION OF RECORDS,
DE00002,Delaware,"11 DEL.C. CH. 92 AND THE FOIA EXEMPTION FOR PERSONNEL RECORDS, 29 DEL.C. §10002(L)(1)",
DE00003,Delaware,11 DEL.C. § 4322(A),
DE00004,Delaware,29 *DEL. C. *§10002(I),
DE00005,Delaware,29 DEL. C. § 10001. DECLARATION OF POLICY,29 DEL. C. §10001. DECLARATION OF POLICY; 29 DEL. C. §§10001. DECLARATION OF POLICY
DE00006,Delaware,29 DEL. C. § 10002 (L)(3) AND (4),
DE00007,Delaware,29 DEL. C. § 10002(L),29 DEL. C. §10002. DECLARATION OF POLICY
DE00008,Delaware,29 DEL. C. § 10002(L)(1),
DE00010,Delaware,29 DEL. C. § 10002(L)(17)A,
DE00011,Delaware,29 DEL. C. § 10002(L)(3),29 DEL. C. §10002(L)(3)
DE00012,Delaware,29 DEL. C. § 8308(D),
DE00013,Delaware,"29 DEL. C. §10001, 10002",
DE00016,Delaware,29 DEL. C. §10002(O)(1) AND (6),
DE00018,Delaware,29 DEL. C. §§ 10001-10007 (“FOIA”),
DE00020,Delaware,DEL. OP. ATT'Y GEN. 16-IB20 (2016),"OP. OF THE ATTN'Y GEN., 16-IB20 (SEPT. 30, 2016); OP. OF THE ATTN'Y GEN., 16-IB20 (SEPT. 30, 2016)"
DE00021,Delaware,DELAWARE ATTORNEY GENERAL OPINION 16-IB20,
DE00022,Delaware,MCBURNEY V. YOUNG,"MCBURNEY V. YOUNG, 569 U.S. 221 (2013)"
DE00025,Delaware,"OP. OF THE ATTN'Y GEN., 16-IB20",
DE00028,Delaware,TITLE 29 §10002(L)(1) OF THE DELAWARE CODE,
DE00029,Delaware,"TITLE 29, § 10003 OF DELAWARE’S FREEDOM OF INFORMATION ACT",
DC00001,District of Columbia,D.C. CODE § 16-2333 (A),
DC00002,District of Columbia,D.C. CODE § 9-1107.1 § 77,
DC00003,District of Columbia,D.C. OFFICIAL CODE § 2-532,DC OFFICIAL    CODE § 2-532; DC OFFICIAL CODE § 2-532
DC00004,District of Columbia,D.C. OFFICIAL CODE § 2-532(D),
DC00005,District of Columbia,D.C. OFFICIAL CODE § 2-534 (A)(2),DC OFFICIAL CODE § 2-534 (A)(2)
DC00006,District of Columbia,D.C. OFFICIAL CODE § 2-534(A)(2) AND (A)(3)(C),
DC00008,District of Columbia,D.C. OFFICIAL CODE § 2-537,
DC00009,District of Columbia,D.C. OFFICIAL CODE § 2-537 AND 1 DCMR 412,D.C. OFFICIAL CODE § 2-537 AND 1 DCMR § 412
DC00013,District of Columbia,D.C. OFFICIAL CODE §2-534(A)(3),
DC00014,District of Columbia,D.C. OFFICIAL CODE §§ 2-534(A)(2),
DC00015,District of Columbia,DC CODE §§ 2-531-539,
DC00020,District of Columbia,DC OFFICIAL CODE §2-534 (A)(3)(A)(I) AND (A)(3)(B),
DC00021,District of Columbia,"MACWADE V. KELLY, 2005 WL 3338573 (S.D.N.Y. DEC. 7, 2005) AFF’D BY MACWADE V. KELLY, 460 F.3D 260 (2D CIR. 2006)",
DC00022,District of Columbia,NONE,
DC00023,District of Columbia,PARP § 9.1,
DC00024,District of Columbia,PARP § 9.1 AND PRIVACY POLICY § 7.5,
FL00001,Florida,119.071(2)(A),
FL00002,Florida,FLA. STAT. §119.071(2)(D),
FL00003,Florida,FLORIDA STATUTE §119,
FL00004,Florida,"LOZMAN V. CITY OF RIVIERA BEACH, 995 SO. 2D 1027(FLA. 4TH DCA 2008)",
FL00005,Florida,"§ 119.071(2)(C)1., FLORIDA STATUTES","§ §119.071(2)(C)1; §119.071(2)(C)1., F.S"
FL00006,Florida,"§ 945.10(1)(A), 456.057(7)(A), F.S., 45 C.F.R., § 164.502",
GA00001,Georgia,20 U.S.C. § 1232G,
GA00002,Georgia,6 U.S.C. § 482(E),
GA00003,Georgia,GEORGIA O.C.G.A: ARTICLE 4 OF CHAPTER 18 OF TITLE 50,
GA00004,Georgia,GEORGIA OPEN RECORDS ACT,
GA00005,Georgia,"INSTITUTE FOR JUSTICE V. REILLY, 351 GA. APP. 317 (2019)","INSTITUTE FOR JUSTICE V. REILLY, 351 GA. APP. 317 (2019), CERT. DENIED, 2020 GA. LEXIS 146 (FEBRUARY 28, 2020)"
GA00007,Georgia,O.C.G.A. 42-5-36(C),O.C.G.A. § 42-5-36 (C)
GA00008,Georgia,O.C.G.A. 50-18-72 (10),
GA00009,Georgia,O.C.G.A. 50-18-72(2),
GA00010,Georgia,O.C.G.A. § 40-5-2 (B),
GA00012,Georgia,O.C.G.A. § 42-5-36(D)(1) AND (2),
GA00013,Georgia,O.C.G.A. § 50-18-72(41),
GA00014,Georgia,O.C.G.A. § 50-18-72(A)(1),
GA00015,Georgia,O.C.G.A. § 50-18-72(A)(1) AND (37),
GA00016,Georgia,O.C.G.A. § 50-18-72(A)(1) AND O.C.G.A. § 35-1-22(F),
GA00017,Georgia,O.C.G.A. § 50-18-72(A)(25)(A),
GA00018,Georgia,O.C.G.A. § 50-18-72(A)(25)(A)(IV),
GA00019,Georgia,O.C.G.A. § 50-18-72(A)(4),
GA00020,Georgia,O.C.G.A. § 50-18-72(A)(42),
GA00021,Georgia,O.C.G.A. §§ 50-18-72(A)(43),
GA00022,Georgia,O.C.GA. §50-18-72 (25) (A) I-V,
GA00023,Georgia,OFFICIAL CODE OF GEORGIA § 35-1-22,
GA00024,Georgia,"TITLE 35 OF THE OFFICIAL CODE OF GEORGIA ANNOTATED EFFECTIVE JULY 1, 2018",
HI00001,Hawaii,HRS § 92F-13(3),
ID00001,Idaho,IDAHO CODE ANN. §S 74-124 EXEMPTIONS FROM DISCLOSURE – CONFIDENTIALITY,
ID00002,Idaho,IDAHO CODE § 74-120(1)(A)(B),
ID00003,Idaho,IDAHO CODE §74-105(1) AND IDAHO CODE §74-124(1),
ID00004,Idaho,IDAHO PUBLIC RECORDS ACT,
ID00005,Idaho,"TITLE 74, CHAPTER 1, IDAHO CODE",
IL00001,Illinois,5 ILCS 140/7(1)(I),
IL00002,Illinois,92. ILL. ADM. CODE 1002.70(B),
IL00003,Illinois,ILCS 140/7(1)(O),
IL00004,Illinois,ILLINOIS FREEDOM OF INFORMATION ACT,
IL00005,Illinois,"ILLINOIS VEHICLE CODE, 625 ILCS 5/11-408 AND 5/11-412",
IN00001,Indiana,IC 5-14-3-4(B)(10),
IN00002,Indiana,IND. CODE 5-14-3-4(B)(1),IND. CODE § 5-14-3-4(1)
IN00004,Indiana,INDIANA CODE 5-14-3-4(B) (19),
IN00005,Indiana,INDIANA CODE 5-14-3-4(B)(25),
IN00006,Indiana,INDIANA CODE 5-14-3-4(B)(8),
IN00007,Indiana,"INDIANA CODE § 5-14-3-3, ET SEQ",
IA00001,Iowa,IOWA CODE 22.7(5),
IA00002,Iowa,IOWA CODE § 22.7(4),
IA00003,Iowa,IOWA CODE § 22.7(5) (2016),
IA00004,Iowa,"IOWA CODE § 22.7, INCLUDING BUT NOT LIMITED TO SUB-§ 50",
IA00005,Iowa,IOWA CODE §22.7,§ 22.7 OF CHAPTER 22 OF THE IOWA CODE
KS00001,Kansas,K.S.A. 65-118 AND 45-221(A)(30),
KS00002,Kansas,K.S.A. §45-230,
KS00003,Kansas,KANSAS SUPREME COURT RULE 196,
KY00001,Kentucky,15-ORD-086,
KY00002,Kentucky,2020 KY. ACTS CH 73 § 1(8)(A),
LA00001,Louisiana,"LA. CONST. ART. I, § 5 (RIGHT TO PRIVACY)",
LA00002,Louisiana,LA. R.S. 44:3(A)(3),
LA00003,Louisiana,LA. REV. STAT. § 44:33A(2),
LA00005,Louisiana,LA. REV. STAT. § 44:3A(1),
LA00006,Louisiana,LA. REV. STAT. §§ 44:1A(2)(B),
LA00007,Louisiana,LOUISIANA REVISED STATUTE 44:3 AND LOUISIANA REVISED STATUTE 15:570,
ME00001,Maine,1 M.R.S. § 402(3)(A),
ME00002,Maine,1 M.R.S. § 402(3)(A)-(O),
ME00004,Maine,16 M.R.S. § 803(7),
ME00005,Maine,16 M.R.S. § 807,16 M.R.S.A. § 807
ME00006,Maine,16 M.R.S.A. § 804(1),
ME00009,Maine,24-A M.R.S. § 216(2),
ME00010,Maine,TITLE 16 SEC 804-3,
MD00001,Maryland,"G P §§ 4-345, 4-351 OF THE MD ANNOTATED CODE",
MD00002,Maryland,GENERAL PROVISIONS ARTICLE §§4-351(A)(B),
MD00003,Maryland,GP § 4-352,
MD00004,Maryland,"MARYLAND ANNOTATED CODE, HEALTH GENERAL PROVISIONS §10-630","MD. CODE ANN., HEALTH - GENERAL § 10-630"
MD00005,Maryland,"MD. CODE ANN., GENERAL PROVISIONS ARTICLE (""GP"") §§ 4-101-4-601",
MD00007,Maryland,"MD. CODE ANN., HUMAN SERVICES § 1-202",
MD00008,Maryland,"MD. CODE ANN., STATE FIN. & PROC. § 13-107(B)",
MD00009,Maryland,"MD. CODE, GEN. PROV., §§ 4-343; 4-344","MD. CODE, GEN. PROV., §§ 4-343; 4-344"
MD00010,Maryland,"MD. CODE, HEALTH- GEN., 18-201, ET. SEQ",
MD00011,Maryland,MPIA § 4-351(A)(3),
MD00012,Maryland,MPIA §4-338,
MD00013,Maryland,§ 4-355 OF THE ACT,
MA00001,Massachusetts,950 C.M.R. 32.08 (1)(D); 950 C.M.R. 32.08 (1)(E),950 C.M.R. 32.08 (1)(D); 950 C.M.R. 32.08 (1)(E)
MA00002,Massachusetts,"A GUIDE TO THE MASSACHUSETTS PUBLIC RECORDS LAW, P. 32, N.115",
MA00003,Massachusetts,"ATTORNEY GENERAL V. TUFTS, 239 MASS. 458, 490-491 (1921)",
MA00005,Massachusetts,"BOSTON GLOBE MEDIA PARTNERS, LLC V. DEPARTMENT OF CRIMINAL JUSTICE INFORMATION SERVICES CASE",
MA00006,Massachusetts,"DAROSA V. CITY OF NEW BEDFORD, 471 MASS. 446, 30 N.E.3D 790 (2015)",
MA00007,Massachusetts,EXEMPTION (D) OF THE PUBLIC RECORDS LAW,
MA00008,Massachusetts,EXEMPTION N - MA PUBLIC RECORD LAW,
MA00009,Massachusetts,"G. L. C. 4, § 7(26)(B) AND G. L. C. 4, § 7 (26)(N)",
MA00010,Massachusetts,"G. L. C. 4, §7, CL. 26 (N)","G.L. C. 4, §7, CL. 26 (N); M.G.L. C. 4 §7(26)(N); M.G.L. C.4, §7(26)(N); M.G.L.C. 4, § 7(26)(N)"
MA00011,Massachusetts,"G. L. C. 66, § 10 (B)","M.G.L. C. 66, § 10(B); M.G.L. C. 66, §10(B)"
MA00012,Massachusetts,"G. L. C. 66, § 10A (C)",
MA00013,Massachusetts,"G. L. C. 66, § 10A (C); G. L. C. 66, § 10(B)(IX); 950 CMR 32.08; 950 CMR 32.08(1)(H)","G. L. C. 66, § 10A (C); G. L. C. 66, § 10(B)(IX); 950 CMR 32.08; 950 CMR 32.08(1)(H)"
MA00014,Massachusetts,G.L. C. 4 § 7 TWENTY-SIXTH (N),M.G.L. C. 4 § 7(26)(N)
MA00015,Massachusetts,G.L. C. 4 §7 CL. 26(F),"G.L. C. 4, §7, CL. 26 (F); G.L.C. 4 §7(26)(F); M.G.L C. 4, § 7(26); M.G.L. C. 4, § 7(26)(F) – THE INVESTIGATORY EXEMPTION AND THE UNITED STATES CONSTITUTION"
MA00016,Massachusetts,"G.L. C. 4, § 7(26)(D)","M.G.L. C. 4, § 7(26)(D)"
MA00017,Massachusetts,"G.L. C. 4, § 7(26)(N) AND G.L. C. 4, § 7(26)(D)","M.G.L. C. 4, §7(26)(D)"
MA00018,Massachusetts,"G.L. C. 4, § 7, CL. 26(A)","M.G.L. C,4, § 7 (26)(A); M.G.L. C. 4 § 7(26)(A)"
MA00021,Massachusetts,"G.L. C. 6, § 172",
MA00022,Massachusetts,"G.L. C. 66A, § 2",
MA00023,Massachusetts,"G.L. CHAPTER 62C, § 21(A)",
MA00025,Massachusetts,"GENERAL LAWS CHAPTER 66, § 10",
MA00026,Massachusetts,"GLOBE NEWSPAPER CO. V. POLICE COMMR. OF BOSTON, 419 MASS. 852, 862 (1995)",
MA00027,Massachusetts,"HARVARD CRIMSON, INC. V. PRESIDENT AND FELLOWS OF HARVARD COLLEGE, 445 MASS. 745, 840 N.E.2D 518 (2006)","THE HARVARD CRIMSON, INC. V. PRESIDENT AND FELLOWS OF HARVARD COLLEGE; THE HARVARD CRIMSON, INC. VS. PRESIDENT AND FELLOWS OF HARVARD COLLEGE & OTHERS, SJC-09434 (2006)"
MA00028,Massachusetts,"M.G.L C 66, §66",
MA00030,Massachusetts,M.G.L. 94C §24A(D),
MA00035,Massachusetts,"M.G.L. C. 4, § 7(26)(B) AND (F)",
MA00036,Massachusetts,"M.G.L. C. 4, § 7(26)(B). SEE ALSO COMMONWEALTH V. DONOVAN, 13 MASS. L. RPTR. 449 (2001) (HOLDING THAT DEPARTMENT OF CORRECTIONS POLICIES AND PROCEDURES CONCERNING GANG ACTIVITY EXEMPT FROM DISCLOSURE UNDER M.G.L. C. 4, § 7(26)(B))",MGL C 4 § 7(26) (B)
MA00040,Massachusetts,"M.G.L. C. 4, §7, CL. 26; C. 66 §10","M.G.L. C. 4, §7, CL. 26; C. 66 §10."
MA00044,Massachusetts,"M.G.L. C.66, §10",
MA00045,Massachusetts,"M.G.L. CH.4, S.7, CLAUSE TWENTY-SIXTH, SUBPARAGRAPH (D)",
MA00047,Massachusetts,"MASSACHUSETTS GENERAL LAW CHAPTER 4, § 7(26)",
MA00048,Massachusetts,MASSACHUSETTS GENERAL LAWS CHAPTER 41 § 97 D,
MA00049,Massachusetts,MASSACHUSETTS PUBLIC RECORD LAW EXEMPTION (B),
MA00051,Massachusetts,MGL C. 4 S. 7(26)(F) AND (N),
MA00052,Massachusetts,NONE,
MA00053,Massachusetts,OPINION NO.: SPR15/203,
MA00054,Massachusetts,PARAGRAPH (U) OF CLAUSE TWENTY-SIXTH OF § 7 OF CHAPTER 4 OF THE MASSACHUSETTS GENERAL LAWS,
MA00055,Massachusetts,SUPERVISOR OF PUBLIC RECORD OPINION(S) SPR14/554,
MI00001,Michigan,"GENDLER V FLINT COMMUNITY SCHLS, 2005 WL 1750798 (MICH APP)","GENDLER V. FLINT COMMUNITY SCHLS, 2005 WL 1750798 (MICH APP)"
MI00003,Michigan,MCL 15.231 ET SEQ,
MI00004,Michigan,MCL 15.240 §10,
MI00005,Michigan,MCL 15.243 § 13(1)(D) OF THE FOIA,
MI00006,Michigan,MCL 330.1748 §748(1),
MI00007,Michigan,MCL § 15.232(H)(IV),
MI00008,Michigan,"MICHIGAN'S FREEDOM OF INFORMATION ACT (""FOIA"")",
MN00001,Minnesota,MINN. STAT. § 13.37,
MN00002,Minnesota,MINN. STAT. § 13.39,
MN00003,Minnesota,MINNESOTA STATUTE § 13.37,
MS00001,Mississippi,MISS. CODE SECT. 25-61-12(2)(A),
MS00002,Mississippi,MISSISSIPPI CODE ANNOTATED § 71-5-127,
MT00001,Montana,MONTANA CODE ANNOTATED § 2-6-102,
NE00001,Nebraska,20 U.S.C. § 1232G AND THE REGULATIONS ADOPTED THEREUNDER AND NEB. REV. STAT. § 84-712.05(1),NEB. REV. STAT. § 84-712.05(1)
NE00003,Nebraska,NEB. REV. STAT. § 71-503.01,
NE00004,Nebraska,NEB. REV. STAT. § 84-712,
NE00005,Nebraska,NEB. REV. STAT. § 84-712(4),
NE00006,Nebraska,NEB. REV. STAT. § 84-712(5),
NE00007,Nebraska,NEB. REV. STAT. § 84-712.04,
NE00008,Nebraska,NEB. REV. STAT. § 84-712.05 SUBSECTION (5),
NE00011,Nebraska,NEBRASKA REVISED STATUTES §84-712.05,
NV00001,Nevada,"HODAI V. CITY OF TUCSON, C20141225 (ARIZ. SUPER. CT. 2014)",
NV00002,Nevada,NRS 239.010,
NV00003,Nevada,NSHE CODE §S 5.6 AND 12(8)(C)(2),
NJ00001,New Jersey,"N.J.S.A 47:1A-1.1, EXECUTIVE ORDER NO. 21",
NJ00002,New Jersey,"N.J.S.A 47:1A-1.1, EXECUTIVE ORDER NO. 21, OR EXECUTIVE ORDER NO. 26",
NM00001,New Mexico,28 CFR §20.33,
NY00001,New York,#ERROR!,
NY00002,New York,20 U.S.C. §1232G(B),
NY00003,New York,CIVIL PRACTICE LAW AND RULES § 3101(C),
NY00004,New York,CIVIL RIGHTS LAW § 50-A,
NY00005,New York,CRIMINAL PROCEDURE LAW § 160.50,
NY00006,New York,EXECUTIVE LAW §94(19),
NY00007,New York,FOIL § 87(2)(G),
NY00008,New York,FOIL § 89(3)(A),
NY00009,New York,"FOIL §89(3)(A) AND FOIL-A0-18949 (AUGUST 20, 2012)",
NY00010,New York,HEALTH CODE § 207.21,
NY00011,New York,"KONIGSBERG V COUGLIN, 68 NY2D 245, 250 [1986]","KONIGSBERG V. COUGHLIN, 68 N.Y.2D 245 (N.Y. 1986); KONIGSBURG V. COUGHLIN, 68 N.Y.2D 245 (N.Y. 1986)"
NY00014,New York,N.Y. INSURANCE LAW § 110,
NY00015,New York,NEW YORK FREEDOM OF INFORMATION LAW §§ 87(2)(E)(I) AND (E)(II),
NY00016,New York,NEW YORK PUBLIC OFFICERS LAW § 87(2)(E),
NY00017,New York,NEW YORK PUBLIC OFFICERS LAW § 87(2)(E)(I),NEW YORK PUBLIC OFFICERS LAW §87(2)(E)(I)
NY00018,New York,NEW YORK PUBLIC OFFICERS LAW § 89(3),"NY PUBLIC OFFICERS LAW (""POL"") §89(3) AND NYS COMMITTEE ON OPEN GOVERNMENT OPINION FOIL-AO-18949; NYS PUBLIC OFFICERS LAW § 89(3); PUBLIC OFFICERS LAW § 89(3); PUBLIC OFFICERS LAW §89(3)"
NY00019,New York,NEW YORK PUBLIC OFFICERS LAW §87(2)(B),
NY00021,New York,NEW YORK STATE COUNTY LAW § 677,
NY00022,New York,NEW YORK STATE GENERAL BUSINESS LAW ARTICLE 41. § 1004,
NY00023,New York,NEW YORK STATE PUBLIC OFFICERS LAW §87(2)(G),PUBLIC OFFICERS LAW 87(2)(G); PUBLIC OFFICERS LAW § 87(2)(G); PUBLIC OFFICERS LAW §87(2)(G); §87(2) (G) OF THE NEW YORK STATE PUBLIC OFFICERS LAW
NY00024,New York,"NEW YORK STATE PUBLIC OFFICERS LAW, ARTICLE 6, § 89(2)",
NY00025,New York,"NEW YORK STATE PUBLIC OFFICER’S LAW, § 89",
NY00026,New York,"NEW YORK TIMES CO. V. CITY OF NEW YORK FIRE DEP'T, 4 N.Y.3D 477, 488-89 (2005)",
NY00027,New York,NONE,
NY00029,New York,NYS PUBLIC OFFICERS LAW § 87(2)(F),
NY00031,New York,NYS PUBLIC OFFICERS LAW § 89(3)(A),PUBLIC OFFICERS LAW § 89(3)(A); PUBLIC OFFICERS LAW § 89[3][A]; PUBLIC OFFICERS LAW §89(3)(A)
NY00032,New York,PHL §2168,
NY00033,New York,POL §89(3),
NY00034,New York,PUBLIC OFFICERS LAW (“POL”) §87(2)(A),PUBLIC OFFICERS LAW § 87(2)(B)
NY00035,New York,PUBLIC OFFICERS LAW 87(2)(C),
NY00037,New York,PUBLIC OFFICERS LAW § 87(2)(A),
NY00039,New York,PUBLIC OFFICERS LAW § 87(2)(E)(IV),
NY00041,New York,PUBLIC OFFICERS LAW § 87(2)(G) AND PUBLIC OFFICERS LAW § 87(2)(A),PUBLIC OFFICERS LAW § 87(2)(G) AND PUBLIC OFFICERS LAW § 87(2)(A) ARE CITED
NY00047,New York,PUBLIC OFFICERS LAW §87(2)(I),
NY00050,New York,PUBLIC OFFICERS LAW §§87(2)(A) AND (B),
NY00051,New York,§87 (2)(F) OF THE FREEDOM OF INFORMATION LAW,
NY00052,New York,§87(2) (B) OF THE FREEDOM OF INFORMATION LAW,§87(2)(B) OF THE FREEDOM OF INFORMATION LAW
NY00056,New York,"§§ 93(B), 1058 AND 1059 OF THE NEW YORK CITY CHARTER",
NC00001,North Carolina,G.S. 132-1.4,N.C.G.S. § 132-1.4; NCGS §132-1.4
NC00003,North Carolina,N.C.G.S. § 132-1.4(A),
NC00004,North Carolina,N.C.G.S. § 132-1.7(A2),
NC00005,North Carolina,N.C.G.S. § 132-1.7,
NC00006,North Carolina,NCGS 132-6.1(C),
NC00009,North Carolina,NORTH CAROLINA GENERAL STATUTE § 132-1.4,
ND00001,North Dakota,"1) TRADE SECRETS, PROPRIETARY, COMMERCIAL, AND FINANCIAL INFORMATION (NDCC 44-04-18.4 - CONFIDENTIAL)",
ND00002,North Dakota,NORTH DAKOTA CENTURY CODE (NDCC) 44-04-18.4(7),
ND00003,North Dakota,NORTH DAKOTA CENTURY CODE 44-04-24(2)(B),
ND00004,North Dakota,"NORTH DAKOTA CENTURY CODES (NDCC) 44-04-18.4(7), 44-04-18.7, AND 28, § 533 OF THE U.S. CODE",
ND00005,North Dakota,"NORTH DAKOTA CENTURY CODES (NDCC) CHAPTER 44-04, 44-04-18.4(7) AND 32 CFR APPENDIX A TO PART 295 AND 6 U.S.C",
ND00006,North Dakota,§ 44-04-18.6 OF THE NORTH DAKOTA CENTURY CODE,
OH00001,Ohio,5120.21 (F),
OH00002,Ohio,O.R.C. §149.43(A)(1)(V),
OH00003,Ohio,OHIO REVISED CODE (O.R.C.) § 4141.21,
OH00004,Ohio,OHIO REVISED CODE 149.433,
OH00005,Ohio,OHIO REVISED CODE 149.433(A)(1) AND (B)(1),
OH00006,Ohio,ORC 1347.05 AND ORC 149.011(G),
OH00007,Ohio,"STATE EX REL. GLASGOW V. JONES, 119 OHIO ST.3D 391, 2008-OHIO-4788, 894 N.E.2D 68",
OH00008,Ohio,"§S 4731.22(F)(5), 149.43(A)(1)(H), AND 149.43(A)(1)(V), OHIO REVISED CODE",
OK00001,Oklahoma,10A O.S. § 2-2-103(G),
OK00002,Oklahoma,51 O.S. § 24.18,
OK00003,Oklahoma,51 O.S. § 24A.28(5),
OK00004,Oklahoma,51 O.S. § 24A.8,
OK00005,Oklahoma,51 O.S. § 24A.8B,
OK00006,Oklahoma,74 O.S. §150.5(D),
OK00007,Oklahoma,"OKLA. STAT. TIT. 51, § 24A.28(A)(11)",
OR00001,Oregon,ORS 192.329(3)(B) AND (4)(B),
PA00001,Pennsylvania,65 P.S. § 67.101 ET SEQ,65 P.S. §§ 67.101 ET SEQ
PA00002,Pennsylvania,65 P.S. § 67.703,
PA00003,Pennsylvania,65 P.S. § 67.705,
PA00004,Pennsylvania,65 P.S. § 67.708(B)(1)(II),RTKL.  65 P.S. § 67.708(B)(1)(II)
PA00005,Pennsylvania,65 P.S. § 67.708(B)(10)(I)(A),
PA00006,Pennsylvania,65 P.S. § 67.708(B)(16),
PA00007,Pennsylvania,65 P.S. § 67.708(B)(17),
PA00009,Pennsylvania,65 P.S. §§ 67.101-67.3104,
PA00010,Pennsylvania,65 P.S. §§ 67.708(B)(17)(I)-(II),
PA00011,Pennsylvania,ASKEW V. OFFICE OF THE GOVERNOR (65 A.3D 989 (PA. COMMW. CT. 2013)),
PA00012,Pennsylvania,"BARGERON V. DEPARTMENT OF LABOR AND INDUSTRY, 720 A.2D 500 (PA. CMWLTH. 1998)",
PA00013,Pennsylvania,"HOCKER V. YOUNG SCHOLARS, OOR DKT. AP 2009-0901",
PA00014,Pennsylvania,"MOLLICK V. TWP. OF WORCESTER, 32 A.3D 859, 871 (PA COMMW. CT, 2011)",
PA00015,Pennsylvania,MOONEY V. BOARD OF TRUSTEES AT TEMPLE UNIVERSITY,
PA00017,Pennsylvania,RULE 509 OF THE PENNSYLVANIA RULES OF JUDICIAL ADMINISTRATION (PA.R.J.A.),
PA00018,Pennsylvania,§ 506(A),
RI00001,Rhode Island,R.I. GEN. LAWS § 38-2-2(4)(A)(I)(B),
RI00002,Rhode Island,R.I. GEN. LAWS § 38-2-2(4)(D),
RI00003,Rhode Island,R.I. GEN. LAWS § 38-2-3(H),
RI00004,Rhode Island,"R.I.G.L. §38-2-2(4), §S (I), (M), AND (N)",
SC00001,South Carolina,S. C. CODE ANN. § 30-4-20(C),S.C. CODE § 30-4-20(C); SC CODE § 30-4-20(C)
SC00002,South Carolina,S.C. CODE ANN. §30-4-40(3)(B)-(C),
SC00003,South Carolina,"S.C. CODE § 30-4-10, ET SEQ",
SC00005,South Carolina,S.C. CODE § 30-4-40(A)(1),
SC00006,South Carolina,SC CODE OF LAWS §S 30-4-15 AND 30-4-100(A),
SC00008,South Carolina,SC FOIA §30-4-40 (3) (A),
SC00009,South Carolina,"SOUTH CAROLINA PROCUREMENT CODE, § 11-35-410 (A) AND (B)",
SC00010,South Carolina,§ 30-4-15 OF THE SOUTH CAROLINA CODE OF LAWS,
SC00011,South Carolina,§ 30-4-30(A)(2),
SD00001,South Dakota,SDCL 1-27-1.5 (5),
SD00002,South Dakota,SDCL 1-27-1.5(12),
SD00003,South Dakota,SOUTH DAKOTA CODIFIED LAW 1-27-1,
TN00001,Tennessee,*TENNESSEE CODE ANNOTATED* § 10-7-505,TENNESSEE CODE ANNOTATED § 10-7-503
TN00002,Tennessee,ERA-FAQ-8-25-2021.PDF,
TN00003,Tennessee,T.C.A. § 10-7-503,
TN00004,Tennessee,T.C.A. § 10-7-503(A)(2)(A),§ 10-7-503(A)(2)(A) OF THE TENNESSEE CODE
TN00005,Tennessee,T.C.A. § 11-1-102,
TN00006,Tennessee,T.C.A. § 38-8-311,
TN00007,Tennessee,TCA 49-7-140,
TN00008,Tennessee,TCA § 10-7-503(A)(2),TENNESSEE CRIM PRO RULE 16 UNDER TCA § 10-7-503(A)(2)
TN00009,Tennessee,TCA § 10-7-503(A)(4),TENN. CODE ANN. 10-7-503 (A)(4)
TN00011,Tennessee,TENN. CODE ANN. § 10-7-501(A)(2)(A),TENN. CODE ANN. § 10-7-503(A)(2)(A)
TN00014,Tennessee,TENN. CODE ANN. § 10-7-503(A)(2)(B)(II),
TN00015,Tennessee,"TENN. CODE ANN. § 10-7-503, ET SEQ",
TN00016,Tennessee,TENN. CODE ANN. § 10-7-504(A)(22)(A),
TN00017,Tennessee,TENN. CODE ANN. § 10-7-504(I),
TN00018,Tennessee,TENN. CODE ANN. §10-7-503,
TN00019,Tennessee,"TENN. CODE ANN. §: PURSUANT TO TENN. CODE ANN. §10-7-503(A)(7)(A), THE UNIVERSITY REQUIRES PROOF THAT YOU ARE A CITIZEN OF THE STATE OF TENNESSEE",
TN00020,Tennessee,TENN. CODE SEC 10-7 AND 10-8,
TN00022,Tennessee,TENNESSEE CODE ANNOTATED §10-7-503(A),
TN00024,Tennessee,TENNESSEE PUBLIC RECORDS ACT,
TX00001,Texas,552.2615(B) OF THE GOVERNMENT CODE,
TX00002,Texas,"OPEN RECORDS DECISION NOS. 605 AT 2, 563 AT 8",
TX00003,Texas,TEX. GOV'T CODE ANN. § 552.222(B AND D),
TX00004,Texas,TEX. GOV’T CODE SEC. 552.221(D),
TX00005,Texas,TEXAS GOVERNMENT CODE § 552.134,
TX00006,Texas,"TEXAS GOVERNMENT CODE §S 552.101, 552.103, 552.107, 552.108, AND 552.111",
TX00007,Texas,TEXAS LABOR CODE § 301.081 ET SEQ. AND 20 CFR PART 603,
TX00008,Texas,"TEXAS PUBLIC INFORMATION ACT, TEXAS GOVERNMENT CODE CH. 552",
TX00009,Texas,§ 552.101 OF THE GOVERNMENT CODE,§ 552.101 OF THE GOVERNMENT CODE IN CONJUNCTION WITH COMMON-LAW PRIVACY
TX00011,Texas,§ 552.107 OF THE TEXAS GOVERNMENT CODE,
TX00012,Texas,§ 552.139 OF THE GOVERNMENT CODE,
TX00013,Texas,§ 552.222(D) OF THE TEXAS GOVERNMENT CODE,
TX00014,Texas,§ 552.233 SUSPENSION PROCESS,
TX00015,Texas,§ 552.301 OF THE GOVERNMENT CODE,
US00001,United States of America,10 C.F.R. § 1004.8,
US00002,United States of America,14 CFR § 1206.301,
US00003,United States of America,14 CFR §1206.300,
US00004,United States of America,15 U.S.C. § 2055(B),
US00005,United States of America,22 CFR 171.4(B),
US00007,United States of America,22 CFR § 171.2,
US00008,United States of America,26 USC 6103,
US00009,United States of America,32 C.F.R. § 518.25,
US00010,United States of America,32 CFR § 286.23(B),
US00011,United States of America,36 C.F.R. § 703.5(B)(13.2),
US00012,United States of America,36 C.F.R. §1250.6 (C),
US00013,United States of America,4 C.F.R. PART 81,
US00014,United States of America,4 C.F.R. § 81.5(C),
US00015,United States of America,4 C.F.R. § 81.6(A),
US00016,United States of America,41 U.S.C. § 4702(B),
US00017,United States of America,46 U.S.C. §40502(B)(1),
US00018,United States of America,47 C.F.R. § 0.469(B),
US00019,United States of America,"47 C.F.R. §§ 0.461(J), 1.115",
US00020,United States of America,5 U.S.C. § 552,5 U.S.C. §552; FOIA 5 U.S.C. § 552; TITLE 5 U.S.C. § 552
US00021,United States of America,5 U.S.C. § 552 (B) (2),
US00022,United States of America,5 U.S.C. § 552 (B)(1),5 U.S.C. § 552(B)(1)
US00023,United States of America,5 U.S.C. § 552 (B)(5) AND 5 U.S.C. § 552 (B)(6),
US00024,United States of America,5 U.S.C. § 552 (FREEDOM OF INFORMATION ACT) AND 22 CFR 171.4(B),
US00025,United States of America,"5 U.S.C. § 552(A)(1, 2)",
US00026,United States of America,5 U.S.C. § 552(A)(3),
US00027,United States of America,5 U.S.C. § 552(A)(3)(A),
US00028,United States of America,5 U.S.C. § 552(A)(3)(A)(I),
US00029,United States of America,5 U.S.C. § 552(A)(6)(E) AND 6 C.F.R. § 5.5(E)(1)(IV) NONE MENTIONED IN THE LETTER,
US00030,United States of America,5 U.S.C. § 552(B),5 U.S.C. § 552(B)(4) (FOIA EXEMPTION 4)
US00032,United States of America,5 U.S.C. § 552(B)(3),
US00033,United States of America,5 U.S.C. § 552(B)(4),
US00035,United States of America,5 U.S.C. § 552(B)(5),"5 U.S.C. §552(B)(5); FOIA EXEMPTION 5, 5 U.S.C. § 552(B)(5)"
US00036,United States of America,5 U.S.C. § 552(B)(7)(A),
US00037,United States of America,5 U.S.C. § 552(C),5 U.S.C. § 552(C) (2006 & SUPP. IV (2010)
US00041,United States of America,5 U.S.C. §552(F),
US00043,United States of America,5 U.S.C. §§ 551 ET SEQ,
US00044,United States of America,6 C.F.R. PART 5 § 5.3(B),"6 C.F.R. PART 5 § 5.3(B) OF THE DHS FOIA REGULATIONS; 6 C.F.R. § 5.3(B); §5.3(B) OF THE DHS REGULATIONS, 6 C.F.R. PART 5"
US00047,United States of America,6 C.F.R. § 5.21(F),
US00049,United States of America,6 C.F.R. § 5.5(E)(1)(I),
US00050,United States of America,D.C. CODE § 2-534(A)(6)(RECORDS EXEMPT FROM DISCLOSURE PURSUANT TO STATUTE),
US00051,United States of America,D.C. OFFICIAL CODE § 2-534(A)(2),
US00052,United States of America,ETHICS IN GOVERNMENT ACT (5 U.S.C. APP. § 105),
US00053,United States of America,EXEMPTION #1,"EXEMPTION B(1) OF THE FREEDOM OF INFORMATION ACT, USC § 552"
US00056,United States of America,FOIA EXEMPTION (B)(4) AND (B)(6) OF THE FOIA 5 U.S.C. § 552,
US00058,United States of America,FOIA EXEMPTIONS 5 AND 7(E),
US00059,United States of America,FOIA EXEMPTIONS 5 U.S.C. §§552 (B)(6) AND (B)(7)(C),
US00060,United States of America,"FOOD AND NUTRITION ACT, 7 U.S.C. 2018 (C)",
US00061,United States of America,GOV. CODE § 6254(F),
US00062,United States of America,"GTE SYLVANIA, INC. V. CONSUMERS UNION, 445 U.S. 375, 384-86 (1980)",
US00063,United States of America,IMMIGRATION AND NATIONALITY ACT (8 U.S.C. § 1202(F)),
US00064,United States of America,NONE,
US00065,United States of America,"PUBLIC LAW 112-55, 125 STAT. 552",
US00066,United States of America,STATUTE 49 U.S.C. § 114(S),
US00067,United States of America,THE FREEDOM OF INFORMATION ACT,
US00070,United States of America,"TITLE 5, UNITED STATES CODE, § 552, SUBSECTION B(7)(A) (EXEMPTION B(7)(A))",
US00071,United States of America,"UNITED STATES DEPARTMENT OF JUSTICE V. REPORTERS COMMITTEE FOR FREEDOM OF THE PRESS, 489 U.S. 749 (1989)",
US00073,United States of America,VA. CODE § 2.2-3704(A),
US00074,United States of America,VIRGINIA FOIA § 2.2-3704.A,
US00075,United States of America,§ 222(F) OF THE IMMIGRATION AND NATIONALITY ACT (TITLE 7 USC § 1202 (F)),
UT00001,Utah,UTAH CODE 63G-2-305(11),
UT00002,Utah,"UTAH CODE ANNOTATED § 63G-2-204(1)(I)(A,B,C,D)",
UT00003,Utah,UTAH CODE § 63G-2-103(22)(B)(II),
UT00004,Utah,UTAH CODE § 63G-2-205,
UT00005,Utah,UTAH CODE § 63G-2-305(22),
UT00006,Utah,UTAH CODE § 63G-2-305(6) AND (35),
UT00007,Utah,UTAH CODE §63G-2-201(2) AND (6),
UT00008,Utah,UTAH CODE §S 63G-2-101 TO -901 (“GRAMA”),
UT00009,Utah,"UTAH CODE, §63G-2-401",
UT00010,Utah,§63G-2-305 (35) OF THE GOVERNMENT RECORDS ACCESS AND MANAGEMENT ACT,
VT00001,Vermont,1 V.S.A. § 317(C)(14),
VT00002,Vermont,1 V.S.A. § 317(C)(25),
VT00003,Vermont,1 V.S.A. § 317(C)(5)(A),
VT00004,Vermont,§ 317(C)(11),
VA00001,Virginia,#ERROR!,
VA00002,Virginia,2.2-3705.4. EXCLUSIONS TO APPLICATION OF CHAPTER; EDUCATIONAL RECORDS AND CERTAIN RECORDS OF EDUCATIONAL INSTITUTIONS,2.2-3705.4. EXCLUSIONS TO APPLICATION OF CHAPTER; EDUCATIONAL RECORDS AND CERTAIN RECORDS OF EDUCATIONAL INSTITUTIONS.
VA00003,Virginia,CODE OF VIRGINIA 2.2-126,
VA00004,Virginia,CODE OF VIRGINIA § 2.2-3704 (A),"CODE OF VIRGINIA § 2.2-3704(A); CODE OF VIRGINIA § 2.2-3704(B); VA. CODE § 2.2-3704(A); VA. CODE §2.2-3704(A); VIRGINIA CODE 2.2-3704; VIRGINIA CODE 2.2-3704(A); VIRGINIA CODE §  2.2-3704; VIRGINIA CODE § 2.2-3704 (A) OF THE VIRGINIA FREEDOM OF INFORMATION ACT; VIRGINIA CODE § 2.2-3704(A); VIRGINIA CODE § 2.2-3704; VIRGINIA FOIA, § 2.2-3704(A); § 2.2-3704 (A) OF THE CODE OF VIRGINIA; § 2.2-3704(A) OF THE CODE OF VIRGINIA; § §2.2-3704 (A) OF THE CODE OF VIRGINIA; §2.2-3704(A) OF THE CODE OF VIRGINIA; §2.2-3704. A"
VA00007,Virginia,CODE OF VIRGINIA § 2.2-3706 (B)(1),VIRGINIA CODE § 2.2-3706(B)(1); § § 2.2-3706 (B) (1) OF THE CODE OF VIRGINIA (FREEDOM OF INFORMATION ACT)
VA00008,Virginia,CODE OF VIRGINIA § 2.2-3706(A)(2)(A),
VA00009,Virginia,CODE OF VIRGINIA § 3.2-6527,
VA00010,Virginia,CODE OF VIRGINIA §§ 2.2-3704.1,
VA00011,Virginia,FOIA VA. STATE CODE 2.2-3706,
VA00012,Virginia,MCBURNEY V YOUNG,"MCBURNEY V YOUNG, 569 US __ (12-17) (APRIL 29, 2013); MCBURNEY V. YOUNG; MCBURNEY V.YOUNG"
VA00016,Virginia,NONE,
VA00017,Virginia,SEE VIRGINIA CODES 2.2-3704(A) AND 2.2-3704(I),
VA00018,Virginia,STATE CODE 9.1-101,
VA00019,Virginia,VA CODE 2.2-3705.2(14) AND 2.2-3706(B)(8) AND (10),
VA00020,Virginia,VA CODE SEC §2.2-3700 - §2.2-3714,
VA00021,Virginia,VA CODE § 2.2-3700 ET SEQ,"VIRGINIA FREEDOM OF INFORMATION ACT, §§ 2.2-3700 ET. SEQ. OF THE CODE OF VIRGINIA; §§ 2.2-3700 ET. SEQ. OF THE CODE OF VIRGINIA"
VA00022,Virginia,VA. CODE ANN. 2.2-3704,
VA00023,Virginia,VA. CODE ANN. 52-48,§ 52-48; § 52.48
VA00024,Virginia,VA. CODE ANN. § 58.1-3,
VA00025,Virginia,VA. CODE SEC. 2.2-3704(A),
VA00027,Virginia,VA. CODE § 2.2-3705.1(1),§ 2.2-3705.1 OF THE CODE OF VIRGINIA; §2.2-3705.1(1) OF THE CODE OF VIRGINIA
VA00028,Virginia,VA. CODE § 2.2-3705.1(1) AND VA. CODE § 2.2-3705.3(3),
VA00029,Virginia,VA. CODE § 2.2-3705.7(2),§ 2.2-3705.7 (2) OF THE CODE OF VIRGINIA; § 2.2-3705.7(2) OF THE CODE OF VIRGINIA
VA00030,Virginia,VA. CODE § 46.2-208,
VA00032,Virginia,VA. CODE §2.2-3704(A) AND VA. CODE § 2.2-3705.7(2),
VA00036,Virginia,VIRGINIA CODE § 2.2-3700 (B),
VA00037,Virginia,VIRGINIA CODE § 2.2-3704 (A),VIRGINIA CODE §2.2-3704A
VA00042,Virginia,VIRGINIA CODE § 2.2-3705.1(12),
VA00043,Virginia,VIRGINIA CODE § 2.2-3705.1,
VA00044,Virginia,VIRGINIA CODE § 2.2-3705.6.3,
VA00045,Virginia,VIRGINIA CODE § 2.2-3706 (B)(1),
VA00047,Virginia,VIRGINIA CODE § §2.2-3704(H),
VA00048,Virginia,VIRGINIA CODE §2.2-3704,§ 2.2-3704 OF THE CODE OF VIRGINIA; § 2.2-3704 OF THE VIRGINIA FREEDOM OF INFORMATION ACT; § 2.2-3705.2 OF THE CODE OF VIRGINIA
VA00052,Virginia,"VIRGINIA CODE §S 2.2-3705.4, SUBSECTION A.1, 2.2-3704, SUBSECTION B.1. AND VIRGINIA CODE § 22.1-287",
VA00054,Virginia,"VIRGINIA FREEDOM OF INFORMATION ACT (FOIA), §§ 2.2-3700 *ET. SEQ.* OF THE *CODE OF VIRGINIA*. VIRGINIA CODE § 2.2-3704(B)(3)",
VA00056,Virginia,VIRGINIA STATE CODE 19.2-389,
VA00059,Virginia,§ 2.2-3704 OF THE CODE,
VA00063,Virginia,§ 2.2-3704(B) OF THE CODE OF VIRGINIA,
VA00064,Virginia,§ 2.2-3704(B)(4) OF THE CODE OF VIRGINIA,
VA00066,Virginia,§ 2.2-3705.2,
VA00070,Virginia,§ 2.2-3706(B)(4) OF THE CODE OF VIRGINIA,
VA00071,Virginia,§ 52-48 OF THE CODE OF VIRGINIA,
VA00077,Virginia,"§ § 2.2-3706.1(B)(5) OF THE CODE OF VIRGINIA (1950), AS AMENDED",
VA00082,Virginia,§2.2-3705.1(1) AND §2.2-3706(A)(2)(1) OF THE CODE OF VIRGINIA,
VA00084,Virginia,§24.2-410.2(D) AND § 24.2-625.1,
VA00086,Virginia,"§§ 2.2-3705.5(1), 32.1-36, 32.1-38, AND 32.1-41 OF THE CODE OF VIRGINIA",
WA00001,Washington,RCW 10.97.050,
WA00002,Washington,RCW 42.56.240 (1),RCW 42.56.240(1)
WA00004,Washington,RCW 42.56.240(14)(D)(I-IV),
WA00005,Washington,RCW 42.56.250,
WA00006,Washington,RCW 42.56.270(1),
WA00007,Washington,RCW 42.56.420(4),
WA00008,Washington,RCW 43.101.400,
WA00009,Washington,RCW 68.50.105,
WA00010,Washington,RCW 70.58.107,
WA00011,Washington,RCW42.56.250(8),
WV00001,West Virginia,W. VA. CODE § 29B-1-3(D),
WV00002,West Virginia,W. VA. CODE § 29B-1-4(A)(1),
WV00003,West Virginia,"W. VA. CODE § 29B-1-4(A)(1), (5) AND W. VA. CODE § 6-9A-4(B)(9)",
WV00004,West Virginia,"W. VA. CODE § 29B-1-4(A)(10), (13), AND (14)",
WV00005,West Virginia,W. VA. CODE § 29B-1-4(A)(14),
WV00006,West Virginia,WEST VIRGINIA CODE § 29B-1-3(D),
WV00007,West Virginia,WEST VIRGINIA CODE § 29B-1-4 (A) (4),
WV00008,West Virginia,"WEST VIRGINIA CODE §29B-1-4(A)(2), (4), (8), AND (21). ADDITIONALLY THE DOCUMENTS ARE EXEMPT PURSUANT TO THE SUPREME COURT OF APPEALS’ DECISION IN MANNS V. CITY OF CHARLESTON POLICE DEP’T., 209 W. VA. 62, 550 S.E.2D 598 (W.VA. 2001)",
WI00001,Wisconsin,WIS. STAT. SEC. 19.35(1)(H),WIS. STAT. § 19.35(1)(H); WIS. STAT. §19.35(1)(H)
WI00003,Wisconsin,WIS. STAT. § 19.35(1)(L),
WI00004,Wisconsin,WIS. STAT. § 19.35(4),
WI00005,Wisconsin,WIS. STAT. § 19.356(2)(A)1,
WI00007,Wisconsin,"WISCONSIN STATUTE 19.35(1),3H",
WY00001,Wyoming,WYOMING STATE STATUTE JUVENILE JUSTICE ACT,
